{"videos": {"_type": "video-file", "sha256": "cb2df82a15750a6ced60328bdc3ad794a896e6ec14542c5d1598646c0aa979ab", "size": 88773, "path": "media/videos/videos_24_cb2df82a15750a6ced60.mp4"}, "_timestamp": 1653335625.0519512, "_runtime": 22, "_step": 34, "global_step": 49423, "rollout/ep_len_mean": 1235.574951171875, "rollout/ep_rew_mean": -20.125, "rollout/exploration_rate": 0.05000000074505806, "time/fps": 2563.0, "_wandb": {"runtime": 23}}