{"videos": {"_type": "video-file", "path": "media/videos/videos_24_2fa630d6263dbd0b30d2.mp4", "sha256": "2fa630d6263dbd0b30d2ef4c10876080c79bf76fc1aaf2257a0480864cc511f9", "size": 83274}, "_runtime": 23, "_timestamp": 1653334990.727917, "_step": 34, "global_step": 49295, "rollout/ep_len_mean": 1232.375, "rollout/ep_rew_mean": -20.299999237060547, "rollout/exploration_rate": 0.05000000074505806, "time/fps": 2496.0, "_wandb": {"runtime": 24}}