{"videos": {"_type": "video-file", "path": "media/videos/videos_12_513c96bd91e75e05d14c.mp4", "sha256": "513c96bd91e75e05d14c55d334eccfe4c07d113d435af4c3904b6b747b1fddd1", "size": 84956}, "_runtime": 13, "_timestamp": 1653334894.250327, "_step": 17, "global_step": 23854, "rollout/ep_len_mean": 1192.699951171875, "rollout/ep_rew_mean": -20.600000381469727, "rollout/exploration_rate": 0.05000000074505806, "time/fps": 2242.0, "_wandb": {"runtime": 15}}